Data da Medição;Número do veículo;Número do eixo do trem;Veículo;Número do eixo do veículo;Lateral do veículo;Velocidade do eixo;Extremidade do eixo;Direção;Lateral da linha;Falha de rolamento;Alerta de rolamento;Consistente;Achatamento de pista de roda;ErsDB
2022-02-01 09:37:00;95;381;612934;4,0;R;50;B;Sentido RJ;Distante;.;0;;.;55
2022-02-01 09:37:00;95;381;612934;4,0;L;50;B;Sentido RJ;Proximo;.;0;;.;58
2022-02-01 09:37:00;95;382;612934;3,0;R;50;B;Sentido RJ;Distante;.;0;;.;52
2022-02-01 09:37:00;95;382;612934;3,0;L;50;B;Sentido RJ;Proximo;.;0;;.;56
2022-02-01 09:37:00;95;383;612934;2,0;R;50;B;Sentido RJ;Distante;.;0;;.;55
2022-02-01 09:37:00;95;383;612934;2,0;L;50;B;Sentido RJ;Proximo;.;0;;.;54
2022-02-01 09:37:00;95;384;612934;1,0;R;50;B;Sentido RJ;Distante;.;0;;.;53
2022-02-01 09:37:00;95;384;612934;1,0;L;50;B;Sentido RJ;Proximo;.;0;;.;54
2022-04-01 16:24:00;124;497;734879;1,0;L;48;A;Sentido RJ;Distante;.;0;;.;53
2022-04-01 16:24:00;124;497;734879;1,0;R;48;A;Sentido RJ;Proximo;.;0;;.;57
2022-04-01 16:24:00;124;498;734879;2,0;L;48;A;Sentido RJ;Distante;.;0;;.;50
2022-04-01 16:24:00;124;498;734879;2,0;R;48;A;Sentido RJ;Proximo;.;0;;.;55
2022-04-01 16:24:00;124;499;734879;3,0;L;48;A;Sentido RJ;Distante;RS3;0;False;.;53
2022-04-01 16:24:00;124;499;734879;3,0;R;48;A;Sentido RJ;Proximo;.;0;;.;54
2022-04-01 16:24:00;124;500;734879;4,0;L;48;A;Sentido RJ;Distante;.;0;;.;53
2022-04-01 16:24:00;124;500;734879;4,0;R;48;A;Sentido RJ;Proximo;.;0;;.;56
2022-05-01 19:05:00;95;381;612934;4,0;R;48;B;Sentido RJ;Distante;.;0;;.;55
2022-05-01 19:05:00;95;381;612934;4,0;L;48;B;Sentido RJ;Proximo;RS3;0;False;.;59
2022-05-01 19:05:00;95;382;612934;3,0;R;48;B;Sentido RJ;Distante;.;0;;.;57
2022-05-01 19:05:00;95;382;612934;3,0;L;48;B;Sentido RJ;Proximo;.;0;;.;56
2022-05-01 19:05:00;95;383;612934;2,0;R;48;B;Sentido RJ;Distante;.;0;;.;54
2022-05-01 19:05:00;95;383;612934;2,0;L;48;B;Sentido RJ;Proximo;.;0;;.;54
2022-05-01 19:05:00;95;384;612934;1,0;R;48;B;Sentido RJ;Distante;.;0;;.;53
2022-05-01 19:05:00;95;384;612934;1,0;L;48;B;Sentido RJ;Proximo;.;0;;.;55
2022-07-01 22:12:00;124;497;734879;1,0;L;49;A;Sentido RJ;Distante;.;0;;.;53
2022-07-01 22:12:00;124;497;734879;1,0;R;49;A;Sentido RJ;Proximo;.;0;;.;57
2022-07-01 22:12:00;124;498;734879;2,0;L;49;A;Sentido RJ;Distante;.;0;;.;50
2022-07-01 22:12:00;124;498;734879;2,0;R;49;A;Sentido RJ;Proximo;.;0;;.;52
2022-07-01 22:12:00;124;499;734879;3,0;L;49;A;Sentido RJ;Distante;RS3;0;False;.;52
2022-07-01 22:12:00;124;499;734879;3,0;R;49;A;Sentido RJ;Proximo;.;0;;.;53
2022-07-01 22:12:00;124;500;734879;4,0;L;49;A;Sentido RJ;Distante;.;0;;.;54
2022-07-01 22:12:00;124;500;734879;4,0;R;49;A;Sentido RJ;Proximo;RS3;0;False;.;59
2022-01-17 08:25:00;124;497;734879;1,0;L;47;A;Sentido RJ;Distante;.;0;;.;54
2022-01-17 08:25:00;124;497;734879;1,0;R;47;A;Sentido RJ;Proximo;.;0;;.;57
2022-01-17 08:25:00;124;498;734879;2,0;L;47;A;Sentido RJ;Distante;.;0;;.;51
2022-01-17 08:25:00;124;498;734879;2,0;R;47;A;Sentido RJ;Proximo;.;0;;.;53
2022-01-17 08:25:00;124;499;734879;3,0;L;47;A;Sentido RJ;Distante;.;0;;.;52
2022-01-17 08:25:00;124;499;734879;3,0;R;47;A;Sentido RJ;Proximo;.;0;;.;54
2022-01-17 08:25:00;124;500;734879;4,0;L;47;A;Sentido RJ;Distante;.;0;;.;54
2022-01-17 08:25:00;124;500;734879;4,0;R;47;A;Sentido RJ;Proximo;RS3;0;False;.;58
2022-01-23 00:39:00;95;381;612934;4,0;R;50;B;Sentido RJ;Distante;.;0;;.;55
2022-01-23 00:39:00;95;381;612934;4,0;L;50;B;Sentido RJ;Proximo;.;0;;.;60
2022-01-23 00:39:00;95;382;612934;3,0;R;50;B;Sentido RJ;Distante;.;0;;.;53
2022-01-23 00:39:00;95;382;612934;3,0;L;50;B;Sentido RJ;Proximo;.;0;;.;57
2022-01-23 00:39:00;95;383;612934;2,0;R;50;B;Sentido RJ;Distante;RS3;0;False;.;55
2022-01-23 00:39:00;95;383;612934;2,0;L;50;B;Sentido RJ;Proximo;.;0;;.;53
2022-01-23 00:39:00;95;384;612934;1,0;R;50;B;Sentido RJ;Distante;.;0;;.;52
2022-01-23 00:39:00;95;384;612934;1,0;L;50;B;Sentido RJ;Proximo;.;0;;.;54
2022-01-24 23:32:00;124;497;734879;1,0;L;48;A;Sentido RJ;Distante;.;0;;.;54
2022-01-24 23:32:00;124;497;734879;1,0;R;48;A;Sentido RJ;Proximo;.;0;;.;56
2022-01-24 23:32:00;124;498;734879;2,0;L;48;A;Sentido RJ;Distante;.;0;;.;52
2022-01-24 23:32:00;124;498;734879;2,0;R;48;A;Sentido RJ;Proximo;.;0;;.;53
2022-01-24 23:32:00;124;499;734879;3,0;L;48;A;Sentido RJ;Distante;.;0;;.;52
2022-01-24 23:32:00;124;499;734879;3,0;R;48;A;Sentido RJ;Proximo;.;0;;.;53
2022-01-24 23:32:00;124;500;734879;4,0;L;48;A;Sentido RJ;Distante;.;0;;.;54
2022-01-24 23:32:00;124;500;734879;4,0;R;48;A;Sentido RJ;Proximo;RS3;0;False;.;58
2022-01-25 04:48:00;95;381;612934;4,0;R;47;B;Sentido RJ;Distante;RS3;0;False;.;54
2022-01-25 04:48:00;95;381;612934;4,0;L;47;B;Sentido RJ;Proximo;.;0;;.;57
2022-01-25 04:48:00;95;382;612934;3,0;R;47;B;Sentido RJ;Distante;.;0;;.;56
2022-01-25 04:48:00;95;382;612934;3,0;L;47;B;Sentido RJ;Proximo;RS3;0;False;.;56
2022-01-25 04:48:00;95;383;612934;2,0;R;47;B;Sentido RJ;Distante;RS3;0;False;.;55
2022-01-25 04:48:00;95;383;612934;2,0;L;47;B;Sentido RJ;Proximo;.;0;;.;54
2022-01-25 04:48:00;95;384;612934;1,0;R;47;B;Sentido RJ;Distante;.;0;;.;52
2022-01-25 04:48:00;95;384;612934;1,0;L;47;B;Sentido RJ;Proximo;.;0;;.;54
2022-01-26 19:44:00;17;69;734879;4,0;R;52;B;Sentido RJ;Distante;.;0;;.;55
2022-01-26 19:44:00;17;69;734879;4,0;L;52;B;Sentido RJ;Proximo;.;0;;.;57
2022-01-26 19:44:00;17;70;734879;3,0;R;52;B;Sentido RJ;Distante;.;0;;.;53
2022-01-26 19:44:00;17;70;734879;3,0;L;52;B;Sentido RJ;Proximo;.;0;;.;56
2022-01-26 19:44:00;17;71;734879;2,0;R;52;B;Sentido RJ;Distante;.;0;;.;52
2022-01-26 19:44:00;17;71;734879;2,0;L;52;B;Sentido RJ;Proximo;.;0;;.;53
2022-01-26 19:44:00;17;72;734879;1,0;R;52;B;Sentido RJ;Distante;.;0;;.;53
2022-01-26 19:44:00;17;72;734879;1,0;L;52;B;Sentido RJ;Proximo;.;0;;.;57
2022-01-29 04:53:00;124;497;734879;1,0;L;44;A;Sentido RJ;Distante;.;0;;.;53
2022-01-29 04:53:00;124;497;734879;1,0;R;44;A;Sentido RJ;Proximo;.;0;;.;58
2022-01-29 04:53:00;124;498;734879;2,0;L;44;A;Sentido RJ;Distante;.;0;;;52
2022-01-29 04:53:00;124;498;734879;2,0;R;44;A;Sentido RJ;Proximo;.;0;;.;54
2022-01-29 04:53:00;124;499;734879;3,0;L;44;A;Sentido RJ;Distante;RS3;0;False;.;56
2022-01-29 04:53:00;124;499;734879;3,0;R;44;A;Sentido RJ;Proximo;RS3;0;False;.;54
2022-01-29 04:53:00;124;500;734879;4,0;L;44;A;Sentido RJ;Distante;.;0;;.;56
2022-01-29 04:53:00;124;500;734879;4,0;R;44;A;Sentido RJ;Proximo;.;0;;.;57
2022-01-30 16:00:00;46;185;612934;1,0;L;52;A;Sentido RJ;Distante;.;0;;.;55
2022-01-30 16:00:00;46;185;612934;1,0;R;52;A;Sentido RJ;Proximo;.;0;;.;60
2022-01-30 16:00:00;46;186;612934;2,0;L;52;A;Sentido RJ;Distante;.;0;;.;56
2022-01-30 16:00:00;46;186;612934;2,0;R;52;A;Sentido RJ;Proximo;RS3;0;False;.;64
2022-01-30 16:00:00;46;187;612934;3,0;L;52;A;Sentido RJ;Distante;.;0;;.;56
2022-01-30 16:00:00;46;187;612934;3,0;R;52;A;Sentido RJ;Proximo;RS3;0;False;.;62
2022-01-30 16:00:00;46;188;612934;4,0;L;52;A;Sentido RJ;Distante;.;0;;.;58
2022-01-30 16:00:00;46;188;612934;4,0;R;52;A;Sentido RJ;Proximo;RS3;0;False;.;62
2022-01-31 05:04:00;124;497;734879;1,0;L;47;A;Sentido RJ;Distante;.;0;;.;53
2022-01-31 05:04:00;124;497;734879;1,0;R;47;A;Sentido RJ;Proximo;.;0;;.;57
2022-01-31 05:04:00;124;498;734879;2,0;L;47;A;Sentido RJ;Distante;.;0;;.;52
2022-01-31 05:04:00;124;498;734879;2,0;R;47;A;Sentido RJ;Proximo;.;0;;.;54
2022-01-31 05:04:00;124;499;734879;3,0;L;47;A;Sentido RJ;Distante;.;0;;.;52
2022-01-31 05:04:00;124;499;734879;3,0;R;47;A;Sentido RJ;Proximo;.;0;;.;53
2022-01-31 05:04:00;124;500;734879;4,0;L;47;A;Sentido RJ;Distante;.;0;;.;54
2022-01-31 05:04:00;124;500;734879;4,0;R;47;A;Sentido RJ;Proximo;RS3;0;False;.;56
2022-02-02 04:08:00;46;185;612934;1,0;L;52;A;Sentido RJ;Distante;.;0;;.;53
2022-02-02 04:08:00;46;185;612934;1,0;R;52;A;Sentido RJ;Proximo;.;0;;.;55
2022-02-02 04:08:00;46;186;612934;2,0;L;52;A;Sentido RJ;Distante;.;0;;.;51
2022-02-02 04:08:00;46;186;612934;2,0;R;52;A;Sentido RJ;Proximo;.;0;;.;56
2022-02-02 04:08:00;46;187;612934;3,0;L;52;A;Sentido RJ;Distante;.;0;;.;52
2022-02-02 04:08:00;46;187;612934;3,0;R;52;A;Sentido RJ;Proximo;.;0;;.;55
2022-02-02 04:08:00;46;188;612934;4,0;L;52;A;Sentido RJ;Distante;RS3;0;False;.;55
2022-02-02 04:08:00;46;188;612934;4,0;R;52;A;Sentido RJ;Proximo;.;0;;.;57
2022-02-02 20:46:00;124;497;734879;1,0;L;46;A;Sentido RJ;Distante;.;0;;.;54
2022-02-02 20:46:00;124;497;734879;1,0;R;46;A;Sentido RJ;Proximo;.;0;;.;57
2022-02-02 20:46:00;124;498;734879;2,0;L;46;A;Sentido RJ;Distante;.;0;;;51
2022-02-02 20:46:00;124;498;734879;2,0;R;46;A;Sentido RJ;Proximo;.;0;;.;56
2022-02-02 20:46:00;124;499;734879;3,0;L;46;A;Sentido RJ;Distante;.;0;;.;55
2022-02-02 20:46:00;124;499;734879;3,0;R;46;A;Sentido RJ;Proximo;.;0;;.;54
2022-02-02 20:46:00;124;500;734879;4,0;L;46;A;Sentido RJ;Distante;RS3;0;False;.;56
2022-02-02 20:46:00;124;500;734879;4,0;R;46;A;Sentido RJ;Proximo;RS2;0;False;.;58
2022-05-02 12:34:00;27;109;612934;4,0;R;54;B;Sentido RJ;Distante;.;0;;.;57
2022-05-02 12:34:00;27;109;612934;4,0;L;54;B;Sentido RJ;Proximo;.;0;;.;60
2022-05-02 12:34:00;27;110;612934;3,0;R;54;B;Sentido RJ;Distante;.;0;;.;54
2022-05-02 12:34:00;27;110;612934;3,0;L;54;B;Sentido RJ;Proximo;.;0;;.;59
2022-05-02 12:34:00;27;111;612934;2,0;R;54;B;Sentido RJ;Distante;.;0;;.;56
2022-05-02 12:34:00;27;111;612934;2,0;L;54;B;Sentido RJ;Proximo;.;0;;.;56
2022-05-02 12:34:00;27;112;612934;1,0;R;54;B;Sentido RJ;Distante;RS3;0;False;.;59
2022-05-02 12:34:00;27;112;612934;1,0;L;54;B;Sentido RJ;Proximo;RS3;0;False;.;61
2022-06-02 01:32:00;71;285;734879;4,0;R;50;B;Sentido RJ;Distante;.;0;;.;55
2022-06-02 01:32:00;71;285;734879;4,0;L;50;B;Sentido RJ;Proximo;.;0;;.;58
2022-06-02 01:32:00;71;286;734879;3,0;R;50;B;Sentido RJ;Distante;.;0;;.;52
2022-06-02 01:32:00;71;286;734879;3,0;L;50;B;Sentido RJ;Proximo;RS3;0;False;.;55
2022-06-02 01:32:00;71;287;734879;2,0;R;50;B;Sentido RJ;Distante;.;0;;.;51
2022-06-02 01:32:00;71;287;734879;2,0;L;50;B;Sentido RJ;Proximo;RS3;0;False;.;54
2022-06-02 01:32:00;71;288;734879;1,0;R;50;B;Sentido RJ;Distante;RS3;0;False;.;55
2022-06-02 01:32:00;71;288;734879;1,0;L;50;B;Sentido RJ;Proximo;.;0;;.;57
2022-08-02 07:46:00;27;109;612934;4,0;R;54;B;Sentido RJ;Distante;RS3;0;False;.;56
2022-08-02 07:46:00;27;109;612934;4,0;L;54;B;Sentido RJ;Proximo;RS3;0;False;.;60
2022-08-02 07:46:00;27;110;612934;3,0;R;54;B;Sentido RJ;Distante;.;0;;.;56
2022-08-02 07:46:00;27;110;612934;3,0;L;54;B;Sentido RJ;Proximo;.;0;;.;59
2022-08-02 07:46:00;27;111;612934;2,0;R;54;B;Sentido RJ;Distante;.;0;;.;55
2022-08-02 07:46:00;27;111;612934;2,0;L;54;B;Sentido RJ;Proximo;.;0;;.;55
2022-08-02 07:46:00;27;112;612934;1,0;R;54;B;Sentido RJ;Distante;.;0;;.;53
2022-08-02 07:46:00;27;112;612934;1,0;L;54;B;Sentido RJ;Proximo;.;0;;.;55
2022-08-02 19:57:00;71;285;734879;4,0;R;52;B;Sentido RJ;Distante;RS3;0;False;.;55
2022-08-02 19:57:00;71;285;734879;4,0;L;52;B;Sentido RJ;Proximo;.;0;;.;57
2022-08-02 19:57:00;71;286;734879;3,0;R;52;B;Sentido RJ;Distante;.;0;;.;52
2022-08-02 19:57:00;71;286;734879;3,0;L;52;B;Sentido RJ;Proximo;.;0;;.;54
2022-08-02 19:57:00;71;287;734879;2,0;R;52;B;Sentido RJ;Distante;.;0;;.;52
2022-08-02 19:57:00;71;287;734879;2,0;L;52;B;Sentido RJ;Proximo;.;0;;.;56
2022-08-02 19:57:00;71;288;734879;1,0;R;52;B;Sentido RJ;Distante;.;0;;.;53
2022-08-02 19:57:00;71;288;734879;1,0;L;52;B;Sentido RJ;Proximo;.;0;;.;58
2022-11-02 23:07:00;110;441;612934;1,0;L;49;A;Sentido RJ;Distante;RS3;0;False;.;55
2022-11-02 23:07:00;110;441;612934;1,0;R;49;A;Sentido RJ;Proximo;.;0;;.;57
2022-11-02 23:07:00;110;442;612934;2,0;L;49;A;Sentido RJ;Distante;RS3;0;False;.;54
2022-11-02 23:07:00;110;442;612934;2,0;R;49;A;Sentido RJ;Proximo;.;0;;.;58
2022-11-02 23:07:00;110;443;612934;3,0;L;49;A;Sentido RJ;Distante;.;0;;.;56
2022-11-02 23:07:00;110;443;612934;3,0;R;49;A;Sentido RJ;Proximo;.;0;;.;55
2022-11-02 23:07:00;110;444;612934;4,0;L;49;A;Sentido RJ;Distante;.;0;;.;59
2022-11-02 23:07:00;110;444;612934;4,0;R;49;A;Sentido RJ;Proximo;RS3;0;False;.;59
2022-02-13 08:57:00;75;301;734879;4,0;R;48;B;Sentido RJ;Distante;RS3;0;False;.;56
2022-02-13 08:57:00;75;301;734879;4,0;L;48;B;Sentido RJ;Proximo;.;0;;.;57
2022-02-13 08:57:00;75;302;734879;3,0;R;48;B;Sentido RJ;Distante;.;0;;.;53
2022-02-13 08:57:00;75;302;734879;3,0;L;48;B;Sentido RJ;Proximo;.;0;;.;56
2022-02-13 08:57:00;75;303;734879;2,0;R;48;B;Sentido RJ;Distante;.;0;;.;53
2022-02-13 08:57:00;75;303;734879;2,0;L;48;B;Sentido RJ;Proximo;.;0;;.;55
2022-02-13 08:57:00;75;304;734879;1,0;R;48;B;Sentido RJ;Distante;.;0;;.;54
2022-02-13 08:57:00;75;304;734879;1,0;L;48;B;Sentido RJ;Proximo;RS3;0;False;.;57
2022-02-16 11:22:00;85;341;612934;4,0;R;51;B;Sentido RJ;Distante;.;0;;.;59
2022-02-16 11:22:00;85;341;612934;4,0;L;51;B;Sentido RJ;Proximo;.;0;;.;60
2022-02-16 11:22:00;85;342;612934;3,0;R;51;B;Sentido RJ;Distante;.;0;;.;56
2022-02-16 11:22:00;85;342;612934;3,0;L;51;B;Sentido RJ;Proximo;.;0;;.;58
2022-02-16 11:22:00;85;343;612934;2,0;R;51;B;Sentido RJ;Distante;.;0;;.;62
2022-02-16 11:22:00;85;343;612934;2,0;L;51;B;Sentido RJ;Proximo;.;0;;.;60
2022-02-16 11:22:00;85;344;612934;1,0;R;51;B;Sentido RJ;Distante;RS3;0;False;.;63
2022-02-16 11:22:00;85;344;612934;1,0;L;51;B;Sentido RJ;Proximo;FBS(4);0;;.;63
2022-02-16 21:41:00;75;301;734879;4,0;R;52;B;Sentido RJ;Distante;.;0;;.;56
2022-02-16 21:41:00;75;301;734879;4,0;L;52;B;Sentido RJ;Proximo;RS3;0;False;.;57
2022-02-16 21:41:00;75;302;734879;3,0;R;52;B;Sentido RJ;Distante;.;0;;.;51
2022-02-16 21:41:00;75;302;734879;3,0;L;52;B;Sentido RJ;Proximo;.;0;;.;55
2022-02-16 21:41:00;75;303;734879;2,0;R;52;B;Sentido RJ;Distante;.;0;;.;52
2022-02-16 21:41:00;75;303;734879;2,0;L;52;B;Sentido RJ;Proximo;.;0;;.;58
2022-02-16 21:41:00;75;304;734879;1,0;R;52;B;Sentido RJ;Distante;.;0;;.;54
2022-02-16 21:41:00;75;304;734879;1,0;L;52;B;Sentido RJ;Proximo;.;0;;.;59
2022-02-20 02:01:00;66;265;734879;1,0;L;51;A;Sentido RJ;Distante;.;0;;.;54
2022-02-20 02:01:00;66;265;734879;1,0;R;51;A;Sentido RJ;Proximo;.;0;;.;58
2022-02-20 02:01:00;66;266;734879;2,0;L;51;A;Sentido RJ;Distante;.;0;;.;53
2022-02-20 02:01:00;66;266;734879;2,0;R;51;A;Sentido RJ;Proximo;.;0;;.;55
2022-02-20 02:01:00;66;267;734879;3,0;L;51;A;Sentido RJ;Distante;.;0;;.;53
2022-02-20 02:01:00;66;267;734879;3,0;R;51;A;Sentido RJ;Proximo;RS3;0;False;.;56
2022-02-20 02:01:00;66;268;734879;4,0;L;51;A;Sentido RJ;Distante;.;0;;.;55
2022-02-20 02:01:00;66;268;734879;4,0;R;51;A;Sentido RJ;Proximo;RS3;0;False;.;60
2022-02-24 22:27:00;66;265;734879;1,0;L;51;A;Sentido RJ;Distante;.;0;;.;56
2022-02-24 22:27:00;66;265;734879;1,0;R;51;A;Sentido RJ;Proximo;.;0;;.;59
2022-02-24 22:27:00;66;266;734879;2,0;L;51;A;Sentido RJ;Distante;.;0;;.;53
2022-02-24 22:27:00;66;266;734879;2,0;R;51;A;Sentido RJ;Proximo;.;0;;.;56
2022-02-24 22:27:00;66;267;734879;3,0;L;51;A;Sentido RJ;Distante;.;0;;.;54
2022-02-24 22:27:00;66;267;734879;3,0;R;51;A;Sentido RJ;Proximo;RS3;0;False;.;55
2022-02-24 22:27:00;66;268;734879;4,0;L;51;A;Sentido RJ;Distante;.;0;;.;56
2022-02-24 22:27:00;66;268;734879;4,0;R;51;A;Sentido RJ;Proximo;RS3;0;False;.;59
2022-02-26 22:26:00;66;265;734879;1,0;L;52;A;Sentido RJ;Distante;.;0;;.;57
2022-02-26 22:26:00;66;265;734879;1,0;R;52;A;Sentido RJ;Proximo;.;0;;.;60
2022-02-26 22:26:00;66;266;734879;2,0;L;52;A;Sentido RJ;Distante;.;0;;.;55
2022-02-26 22:26:00;66;266;734879;2,0;R;52;A;Sentido RJ;Proximo;.;0;;.;57
2022-02-26 22:26:00;66;267;734879;3,0;L;52;A;Sentido RJ;Distante;.;0;;.;53
2022-02-26 22:26:00;66;267;734879;3,0;R;52;A;Sentido RJ;Proximo;.;0;;.;55
2022-02-26 22:26:00;66;268;734879;4,0;L;52;A;Sentido RJ;Distante;RS3;0;False;.;56
2022-02-26 22:26:00;66;268;734879;4,0;R;52;A;Sentido RJ;Proximo;FBS(RS3);0;False;.;61
2022-02-03 03:58:00;66;265;734879;1,0;L;51;A;Sentido RJ;Distante;.;0;;.;57
2022-02-03 03:58:00;66;265;734879;1,0;R;51;A;Sentido RJ;Proximo;RS3;0;False;.;61
2022-02-03 03:58:00;66;266;734879;2,0;L;51;A;Sentido RJ;Distante;.;0;;.;55
2022-02-03 03:58:00;66;266;734879;2,0;R;51;A;Sentido RJ;Proximo;.;0;;.;58
2022-02-03 03:58:00;66;267;734879;3,0;L;51;A;Sentido RJ;Distante;RS3;0;False;.;55
2022-02-03 03:58:00;66;267;734879;3,0;R;51;A;Sentido RJ;Proximo;.;0;;.;56
2022-02-03 03:58:00;66;268;734879;4,0;L;51;A;Sentido RJ;Distante;.;0;;.;58
2022-02-03 03:58:00;66;268;734879;4,0;R;51;A;Sentido RJ;Proximo;RS3;0;False;.;60
2022-05-03 07:19:00;75;301;734879;4,0;R;51;B;Sentido RJ;Distante;RS3;0;False;.;56
2022-05-03 07:19:00;75;301;734879;4,0;L;51;B;Sentido RJ;Proximo;.;0;;.;59
2022-05-03 07:19:00;75;302;734879;3,0;R;51;B;Sentido RJ;Distante;.;0;;.;53
2022-05-03 07:19:00;75;302;734879;3,0;L;51;B;Sentido RJ;Proximo;.;0;;.;58
2022-05-03 07:19:00;75;303;734879;2,0;R;51;B;Sentido RJ;Distante;.;0;;.;54
2022-05-03 07:19:00;75;303;734879;2,0;L;51;B;Sentido RJ;Proximo;.;0;;.;55
2022-05-03 07:19:00;75;304;734879;1,0;R;51;B;Sentido RJ;Distante;.;0;;.;55
2022-05-03 07:19:00;75;304;734879;1,0;L;51;B;Sentido RJ;Proximo;.;0;;.;59
2022-07-03 07:51:00;75;301;734879;4,0;R;51;B;Sentido RJ;Distante;RS3;0;False;.;56
2022-07-03 07:51:00;75;301;734879;4,0;L;51;B;Sentido RJ;Proximo;.;0;;.;59
2022-07-03 07:51:00;75;302;734879;3,0;R;51;B;Sentido RJ;Distante;.;0;;.;53
2022-07-03 07:51:00;75;302;734879;3,0;L;51;B;Sentido RJ;Proximo;.;0;;.;58
2022-07-03 07:51:00;75;303;734879;2,0;R;51;B;Sentido RJ;Distante;.;0;;.;54
2022-07-03 07:51:00;75;303;734879;2,0;L;51;B;Sentido RJ;Proximo;.;0;;.;56
2022-07-03 07:51:00;75;304;734879;1,0;R;51;B;Sentido RJ;Distante;RS3;0;False;.;60
2022-07-03 07:51:00;75;304;734879;1,0;L;51;B;Sentido RJ;Proximo;.;0;;.;63
2022-09-03 19:15:00;75;301;734879;4,0;R;51;B;Sentido RJ;Distante;RS3;0;False;.;58
2022-09-03 19:15:00;75;301;734879;4,0;L;51;B;Sentido RJ;Proximo;.;0;;.;58
2022-09-03 19:15:00;75;302;734879;3,0;R;51;B;Sentido RJ;Distante;.;0;;.;53
2022-09-03 19:15:00;75;302;734879;3,0;L;51;B;Sentido RJ;Proximo;.;0;;.;55
2022-09-03 19:15:00;75;303;734879;2,0;R;51;B;Sentido RJ;Distante;.;0;;;54
2022-09-03 19:15:00;75;303;734879;2,0;L;51;B;Sentido RJ;Proximo;.;0;;.;55
2022-09-03 19:15:00;75;304;734879;1,0;R;51;B;Sentido RJ;Distante;.;0;;.;55
2022-09-03 19:15:00;75;304;734879;1,0;L;51;B;Sentido RJ;Proximo;.;0;;.;58
2022-12-03 12:19:00;75;301;734879;4,0;R;49;B;Sentido RJ;Distante;.;0;;.;56
2022-12-03 12:19:00;75;301;734879;4,0;L;49;B;Sentido RJ;Proximo;.;0;;.;56
2022-12-03 12:19:00;75;302;734879;3,0;R;49;B;Sentido RJ;Distante;.;0;;.;53
2022-12-03 12:19:00;75;302;734879;3,0;L;49;B;Sentido RJ;Proximo;.;0;;.;54
2022-12-03 12:19:00;75;303;734879;2,0;R;49;B;Sentido RJ;Distante;.;0;;.;54
2022-12-03 12:19:00;75;303;734879;2,0;L;49;B;Sentido RJ;Proximo;.;0;;.;54
2022-12-03 12:19:00;75;304;734879;1,0;R;49;B;Sentido RJ;Distante;.;0;;.;55
2022-12-03 12:19:00;75;304;734879;1,0;L;49;B;Sentido RJ;Proximo;RS3;0;False;.;57
2022-03-14 15:27:00;75;301;734879;4,0;R;51;B;Sentido RJ;Distante;.;0;;.;56
2022-03-14 15:27:00;75;301;734879;4,0;L;51;B;Sentido RJ;Proximo;RS3;0;False;.;57
2022-03-14 15:27:00;75;302;734879;3,0;R;51;B;Sentido RJ;Distante;.;0;;.;53
2022-03-14 15:27:00;75;302;734879;3,0;L;51;B;Sentido RJ;Proximo;.;0;;.;54
2022-03-14 15:27:00;75;303;734879;2,0;R;51;B;Sentido RJ;Distante;.;0;;.;53
2022-03-14 15:27:00;75;303;734879;2,0;L;51;B;Sentido RJ;Proximo;.;0;;.;53
2022-03-14 15:27:00;75;304;734879;1,0;R;51;B;Sentido RJ;Distante;.;0;;.;54
2022-03-14 15:27:00;75;304;734879;1,0;L;51;B;Sentido RJ;Proximo;.;0;;.;56
2022-03-18 05:55:00;75;301;734879;4,0;R;50;B;Sentido RJ;Distante;RS3;0;False;.;56
2022-03-18 05:55:00;75;301;734879;4,0;L;50;B;Sentido RJ;Proximo;.;0;;.;59
2022-03-18 05:55:00;75;302;734879;3,0;R;50;B;Sentido RJ;Distante;.;0;;.;54
2022-03-18 05:55:00;75;302;734879;3,0;L;50;B;Sentido RJ;Proximo;RS3;0;False;.;57
2022-03-18 05:55:00;75;303;734879;2,0;R;50;B;Sentido RJ;Distante;.;0;;.;55
2022-03-18 05:55:00;75;303;734879;2,0;L;50;B;Sentido RJ;Proximo;.;0;;.;56
2022-03-18 05:55:00;75;304;734879;1,0;R;50;B;Sentido RJ;Distante;RS3;0;False;.;58
2022-03-18 05:55:00;75;304;734879;1,0;L;50;B;Sentido RJ;Proximo;.;0;;.;58
2022-03-20 18:53:00;75;301;734879;4,0;R;51;B;Sentido RJ;Distante;RS3;0;False;.;55
2022-03-20 18:53:00;75;301;734879;4,0;L;51;B;Sentido RJ;Proximo;.;0;;.;57
2022-03-20 18:53:00;75;302;734879;3,0;R;51;B;Sentido RJ;Distante;.;0;;;51
2022-03-20 18:53:00;75;302;734879;3,0;L;51;B;Sentido RJ;Proximo;.;0;;.;53
2022-03-20 18:53:00;75;303;734879;2,0;R;51;B;Sentido RJ;Distante;.;0;;.;51
2022-03-20 18:53:00;75;303;734879;2,0;L;51;B;Sentido RJ;Proximo;.;0;;.;53
2022-03-20 18:53:00;75;304;734879;1,0;R;51;B;Sentido RJ;Distante;.;0;;.;53
2022-03-20 18:53:00;75;304;734879;1,0;L;51;B;Sentido RJ;Proximo;.;0;;.;57
2022-03-25 20:58:00;75;301;734879;4,0;R;52;B;Sentido RJ;Distante;RS3;0;False;.;56
2022-03-25 20:58:00;75;301;734879;4,0;L;52;B;Sentido RJ;Proximo;.;0;;.;58
2022-03-25 20:58:00;75;302;734879;3,0;R;52;B;Sentido RJ;Distante;.;0;;.;53
2022-03-25 20:58:00;75;302;734879;3,0;L;52;B;Sentido RJ;Proximo;.;0;;.;54
2022-03-25 20:58:00;75;303;734879;2,0;R;52;B;Sentido RJ;Distante;.;0;;.;53
2022-03-25 20:58:00;75;303;734879;2,0;L;52;B;Sentido RJ;Proximo;.;0;;.;54
2022-03-25 20:58:00;75;304;734879;1,0;R;52;B;Sentido RJ;Distante;.;0;;.;55
2022-03-25 20:58:00;75;304;734879;1,0;L;52;B;Sentido RJ;Proximo;RS3;0;False;.;58
2022-03-26 06:50:00;110;441;612934;1,0;L;50;A;Sentido RJ;Distante;RS3;0;False;.;55
2022-03-26 06:50:00;110;441;612934;1,0;R;50;A;Sentido RJ;Proximo;.;0;;.;58
2022-03-26 06:50:00;110;442;612934;2,0;L;50;A;Sentido RJ;Distante;.;0;;.;53
2022-03-26 06:50:00;110;442;612934;2,0;R;50;A;Sentido RJ;Proximo;.;0;;.;56
2022-03-26 06:50:00;110;443;612934;3,0;L;50;A;Sentido RJ;Distante;.;0;;.;55
2022-03-26 06:50:00;110;443;612934;3,0;R;50;A;Sentido RJ;Proximo;.;0;;.;58
2022-03-26 06:50:00;110;444;612934;4,0;L;50;A;Sentido RJ;Distante;.;0;;.;56
2022-03-26 06:50:00;110;444;612934;4,0;R;50;A;Sentido RJ;Proximo;.;0;;.;60
2022-03-28 15:09:00;110;441;612934;1,0;L;50;A;Sentido RJ;Distante;RS3;0;False;.;56
2022-03-28 15:09:00;110;441;612934;1,0;R;50;A;Sentido RJ;Proximo;.;0;;.;54
2022-03-28 15:09:00;110;442;612934;2,0;L;50;A;Sentido RJ;Distante;.;0;;.;56
2022-03-28 15:09:00;110;442;612934;2,0;R;50;A;Sentido RJ;Proximo;.;0;;.;56
2022-03-28 15:09:00;110;443;612934;3,0;L;50;A;Sentido RJ;Distante;.;0;;.;55
2022-03-28 15:09:00;110;443;612934;3,0;R;50;A;Sentido RJ;Proximo;.;0;;.;56
2022-03-28 15:09:00;110;444;612934;4,0;L;50;A;Sentido RJ;Distante;RS3;0;False;.;56
2022-03-28 15:09:00;110;444;612934;4,0;R;50;A;Sentido RJ;Proximo;.;0;;.;58
2022-03-28 22:13:00;75;301;734879;4,0;R;41;B;Sentido RJ;Distante;.;0;;.;56
2022-03-28 22:13:00;75;301;734879;4,0;L;41;B;Sentido RJ;Proximo;.;0;;.;58
2022-03-28 22:13:00;75;302;734879;3,0;R;41;B;Sentido RJ;Distante;RS3;0;False;;54
2022-03-28 22:13:00;75;302;734879;3,0;L;41;B;Sentido RJ;Proximo;.;0;;.;55
2022-03-28 22:13:00;75;303;734879;2,0;R;41;B;Sentido RJ;Distante;RS3;0;False;;56
2022-03-28 22:13:00;75;303;734879;2,0;L;41;B;Sentido RJ;Proximo;RS3;0;False;.;57
2022-03-28 22:13:00;75;304;734879;1,0;R;41;B;Sentido RJ;Distante;.;0;;;55
2022-03-28 22:13:00;75;304;734879;1,0;L;41;B;Sentido RJ;Proximo;.;0;;.;58
2022-03-31 20:09:00;110;441;612934;1,0;L;56;A;Sentido RJ;Distante;.;0;;.;52
2022-03-31 20:09:00;110;441;612934;1,0;R;56;A;Sentido RJ;Proximo;.;0;;.;52
2022-03-31 20:09:00;110;442;612934;2,0;L;56;A;Sentido RJ;Distante;.;0;;.;52
2022-03-31 20:09:00;110;442;612934;2,0;R;56;A;Sentido RJ;Proximo;.;0;;.;54
2022-03-31 20:09:00;110;443;612934;3,0;L;56;A;Sentido RJ;Distante;.;0;;.;56
2022-03-31 20:09:00;110;443;612934;3,0;R;56;A;Sentido RJ;Proximo;.;0;;.;54
2022-03-31 20:09:00;110;444;612934;4,0;L;56;A;Sentido RJ;Distante;.;0;;.;57
2022-03-31 20:09:00;110;444;612934;4,0;R;56;A;Sentido RJ;Proximo;.;0;;.;56
2022-03-31 20:09:00;202;813;734879;1,0;L;53;A;Sentido RJ;Distante;.;0;;.;56
2022-03-31 20:09:00;202;813;734879;1,0;R;53;A;Sentido RJ;Proximo;.;0;;.;59
2022-03-31 20:09:00;202;814;734879;2,0;L;53;A;Sentido RJ;Distante;.;0;;.;52
2022-03-31 20:09:00;202;814;734879;2,0;R;53;A;Sentido RJ;Proximo;.;0;;.;55
2022-03-31 20:09:00;202;815;734879;3,0;L;53;A;Sentido RJ;Distante;.;0;;.;55
2022-03-31 20:09:00;202;815;734879;3,0;R;53;A;Sentido RJ;Proximo;.;0;;.;54
2022-03-31 20:09:00;202;816;734879;4,0;L;53;A;Sentido RJ;Distante;.;0;;.;56
2022-03-31 20:09:00;202;816;734879;4,0;R;53;A;Sentido RJ;Proximo;.;0;;.;56
2022-06-04 01:11:00;66;265;734879;1,0;L;47;A;Sentido RJ;Distante;RS3;0;False;.;57
2022-06-04 01:11:00;66;265;734879;1,0;R;47;A;Sentido RJ;Proximo;RS3;0;False;.;60
2022-06-04 01:11:00;66;266;734879;2,0;L;47;A;Sentido RJ;Distante;.;0;;.;58
2022-06-04 01:11:00;66;266;734879;2,0;R;47;A;Sentido RJ;Proximo;.;0;;.;59
2022-06-04 01:11:00;66;267;734879;3,0;L;47;A;Sentido RJ;Distante;.;0;;.;54
2022-06-04 01:11:00;66;267;734879;3,0;R;47;A;Sentido RJ;Proximo;RS3;0;False;.;57
2022-06-04 01:11:00;66;268;734879;4,0;L;47;A;Sentido RJ;Distante;.;0;;.;56
2022-06-04 01:11:00;66;268;734879;4,0;R;47;A;Sentido RJ;Proximo;RS2;0;False;.;59
2022-07-04 01:05:00;112;449;612934;1,0;L;48;A;Sentido RJ;Distante;.;0;;.;53
2022-07-04 01:05:00;112;449;612934;1,0;R;48;A;Sentido RJ;Proximo;.;0;;.;55
2022-07-04 01:05:00;112;450;612934;2,0;L;48;A;Sentido RJ;Distante;.;0;;.;52
2022-07-04 01:05:00;112;450;612934;2,0;R;48;A;Sentido RJ;Proximo;.;0;;.;54
2022-07-04 01:05:00;112;451;612934;3,0;L;48;A;Sentido RJ;Distante;RS3;0;False;.;59
2022-07-04 01:05:00;112;451;612934;3,0;R;48;A;Sentido RJ;Proximo;.;0;;.;55
2022-07-04 01:05:00;112;452;612934;4,0;L;48;A;Sentido RJ;Distante;RS3;0;False;.;58
2022-07-04 01:05:00;112;452;612934;4,0;R;48;A;Sentido RJ;Proximo;RS3;0;False;.;57
2022-09-04 09:45:00;29;117;612934;4,0;R;51;B;Sentido RJ;Distante;RS3;0;False;.;67
2022-09-04 09:45:00;29;117;612934;4,0;L;51;B;Sentido RJ;Proximo;RS3;0;False;.;62
2022-09-04 09:45:00;29;118;612934;3,0;R;51;B;Sentido RJ;Distante;RS2;0;False;.;65
2022-09-04 09:45:00;29;118;612934;3,0;L;51;B;Sentido RJ;Proximo;RS3;0;False;.;63
2022-09-04 09:45:00;29;119;612934;2,0;R;51;B;Sentido RJ;Distante;.;0;;.;56
2022-09-04 09:45:00;29;119;612934;2,0;L;51;B;Sentido RJ;Proximo;.;0;;.;59
2022-09-04 09:45:00;29;120;612934;1,0;R;51;B;Sentido RJ;Distante;.;0;;.;57
2022-09-04 09:45:00;29;120;612934;1,0;L;51;B;Sentido RJ;Proximo;RS3;0;False;.;58
2022-12-04 11:43:00;44;177;612934;1,0;L;52;A;Sentido RJ;Distante;.;0;;.;53
2022-12-04 11:43:00;44;177;612934;1,0;R;52;A;Sentido RJ;Proximo;.;0;;.;55
2022-12-04 11:43:00;44;178;612934;2,0;L;52;A;Sentido RJ;Distante;.;0;;.;53
2022-12-04 11:43:00;44;178;612934;2,0;R;52;A;Sentido RJ;Proximo;.;0;;.;56
2022-12-04 11:43:00;44;179;612934;3,0;L;52;A;Sentido RJ;Distante;RS3;0;False;.;57
2022-12-04 11:43:00;44;179;612934;3,0;R;52;A;Sentido RJ;Proximo;.;0;;.;57
2022-12-04 11:43:00;44;180;612934;4,0;L;52;A;Sentido RJ;Distante;RS3;0;False;.;57
2022-12-04 11:43:00;44;180;612934;4,0;R;52;A;Sentido RJ;Proximo;RS3;0;False;.;59
2022-04-14 11:06:00;97;389;612934;4,0;R;51;B;Sentido RJ;Distante;.;0;;.;55
2022-04-14 11:06:00;97;389;612934;4,0;L;51;B;Sentido RJ;Proximo;.;0;;.;55
2022-04-14 11:06:00;97;390;612934;3,0;R;51;B;Sentido RJ;Distante;.;0;;.;54
2022-04-14 11:06:00;97;390;612934;3,0;L;51;B;Sentido RJ;Proximo;.;0;;.;54
2022-04-14 11:06:00;97;391;612934;2,0;R;51;B;Sentido RJ;Distante;.;0;;.;53
2022-04-14 11:06:00;97;391;612934;2,0;L;51;B;Sentido RJ;Proximo;RS3;0;False;.;57
2022-04-14 11:06:00;97;392;612934;1,0;R;51;B;Sentido RJ;Distante;.;0;;.;55
2022-04-14 11:06:00;97;392;612934;1,0;L;51;B;Sentido RJ;Proximo;.;0;;.;54
2022-04-16 17:10:00;97;389;612934;4,0;R;51;B;Sentido RJ;Distante;.;0;;.;53
2022-04-16 17:10:00;97;389;612934;4,0;L;51;B;Sentido RJ;Proximo;RS3;0;False;.;54
2022-04-16 17:10:00;97;390;612934;3,0;R;51;B;Sentido RJ;Distante;.;0;;;52
2022-04-16 17:10:00;97;390;612934;3,0;L;51;B;Sentido RJ;Proximo;.;0;;.;53
2022-04-16 17:10:00;97;391;612934;2,0;R;51;B;Sentido RJ;Distante;.;0;;;52
2022-04-16 17:10:00;97;391;612934;2,0;L;51;B;Sentido RJ;Proximo;RS3;0;False;.;56
2022-04-16 17:10:00;97;392;612934;1,0;R;51;B;Sentido RJ;Distante;.;0;;;51
2022-04-16 17:10:00;97;392;612934;1,0;L;51;B;Sentido RJ;Proximo;.;0;;.;52
2022-04-18 21:17:00;44;177;612934;1,0;L;52;A;Sentido RJ;Distante;.;0;;.;53
2022-04-18 21:17:00;44;177;612934;1,0;R;52;A;Sentido RJ;Proximo;.;0;;.;55
2022-04-18 21:17:00;44;178;612934;2,0;L;52;A;Sentido RJ;Distante;.;0;;.;53
2022-04-18 21:17:00;44;178;612934;2,0;R;52;A;Sentido RJ;Proximo;.;0;;.;56
2022-04-18 21:17:00;44;179;612934;3,0;L;52;A;Sentido RJ;Distante;RS3;0;False;.;53
2022-04-18 21:17:00;44;179;612934;3,0;R;52;A;Sentido RJ;Proximo;.;0;;.;55
2022-04-18 21:17:00;44;180;612934;4,0;L;52;A;Sentido RJ;Distante;.;0;;.;53
2022-04-18 21:17:00;44;180;612934;4,0;R;52;A;Sentido RJ;Proximo;RS2;0;False;.;58
2022-04-21 08:32:00;44;177;612934;1,0;L;52;A;Sentido RJ;Distante;.;0;;.;54
2022-04-21 08:32:00;44;177;612934;1,0;R;52;A;Sentido RJ;Proximo;.;0;;.;54
2022-04-21 08:32:00;44;178;612934;2,0;L;52;A;Sentido RJ;Distante;.;0;;.;54
2022-04-21 08:32:00;44;178;612934;2,0;R;52;A;Sentido RJ;Proximo;.;0;;.;56
2022-04-21 08:32:00;44;179;612934;3,0;L;52;A;Sentido RJ;Distante;RS3;0;False;.;60
2022-04-21 08:32:00;44;179;612934;3,0;R;52;A;Sentido RJ;Proximo;.;0;;.;58
2022-04-21 08:32:00;44;180;612934;4,0;L;52;A;Sentido RJ;Distante;RS3;0;False;.;59
2022-04-21 08:32:00;44;180;612934;4,0;R;52;A;Sentido RJ;Proximo;.;0;;.;59
2022-04-23 22:46:00;44;177;612934;1,0;L;53;A;Sentido RJ;Distante;.;0;;.;52
2022-04-23 22:46:00;44;177;612934;1,0;R;53;A;Sentido RJ;Proximo;.;0;;.;54
2022-04-23 22:46:00;44;178;612934;2,0;L;53;A;Sentido RJ;Distante;.;0;;.;52
2022-04-23 22:46:00;44;178;612934;2,0;R;53;A;Sentido RJ;Proximo;.;0;;.;56
2022-04-23 22:46:00;44;179;612934;3,0;L;53;A;Sentido RJ;Distante;RS3;0;False;.;55
2022-04-23 22:46:00;44;179;612934;3,0;R;53;A;Sentido RJ;Proximo;.;0;;.;56
2022-04-23 22:46:00;44;180;612934;4,0;L;53;A;Sentido RJ;Distante;.;0;;.;55
2022-04-23 22:46:00;44;180;612934;4,0;R;53;A;Sentido RJ;Proximo;RS3;0;False;.;58
2022-04-26 18:32:00;97;389;612934;4,0;R;49;B;Sentido RJ;Distante;.;0;;.;54
2022-04-26 18:32:00;97;389;612934;4,0;L;49;B;Sentido RJ;Proximo;.;0;;.;55
2022-04-26 18:32:00;97;390;612934;3,0;R;49;B;Sentido RJ;Distante;.;0;;.;54
2022-04-26 18:32:00;97;390;612934;3,0;L;49;B;Sentido RJ;Proximo;RS3;0;False;.;57
2022-04-26 18:32:00;97;391;612934;2,0;R;48;B;Sentido RJ;Distante;.;0;;.;54
2022-04-26 18:32:00;97;391;612934;2,0;L;48;B;Sentido RJ;Proximo;.;0;;.;57
2022-04-26 18:32:00;97;392;612934;1,0;R;48;B;Sentido RJ;Distante;RS3;0;False;.;55
2022-04-26 18:32:00;97;392;612934;1,0;L;48;B;Sentido RJ;Proximo;.;0;;.;55
2022-04-29 00:37:00;44;177;612934;1,0;L;52;A;Sentido RJ;Distante;.;0;;.;56
2022-04-29 00:37:00;44;177;612934;1,0;R;52;A;Sentido RJ;Proximo;RS3;0;False;.;58
2022-04-29 00:37:00;44;178;612934;2,0;L;52;A;Sentido RJ;Distante;.;0;;.;55
2022-04-29 00:37:00;44;178;612934;2,0;R;52;A;Sentido RJ;Proximo;.;0;;.;58
2022-04-29 00:37:00;44;179;612934;3,0;L;52;A;Sentido RJ;Distante;.;0;;.;57
2022-04-29 00:37:00;44;179;612934;3,0;R;52;A;Sentido RJ;Proximo;.;0;;.;58
2022-04-29 00:37:00;44;180;612934;4,0;L;52;A;Sentido RJ;Distante;.;0;;.;57
2022-04-29 00:37:00;44;180;612934;4,0;R;52;A;Sentido RJ;Proximo;.;0;;.;59
2022-01-05 22:47:00;29;117;612934;4,0;R;53;B;Sentido RJ;Distante;.;0;;.;52
2022-01-05 22:47:00;29;117;612934;4,0;L;53;B;Sentido RJ;Proximo;.;0;;.;55
2022-01-05 22:47:00;29;118;612934;3,0;R;53;B;Sentido RJ;Distante;.;0;;.;51
2022-01-05 22:47:00;29;118;612934;3,0;L;53;B;Sentido RJ;Proximo;.;0;;.;55
2022-01-05 22:47:00;29;119;612934;2,0;R;53;B;Sentido RJ;Distante;RS3;0;False;.;56
2022-01-05 22:47:00;29;119;612934;2,0;L;53;B;Sentido RJ;Proximo;RS3;0;False;.;59
2022-01-05 22:47:00;29;120;612934;1,0;R;53;B;Sentido RJ;Distante;.;0;;.;55
2022-01-05 22:47:00;29;120;612934;1,0;L;53;B;Sentido RJ;Proximo;RS3;0;False;.;58
2022-05-05 06:11:00;11;45;734879;4,0;R;51;B;Sentido RJ;Distante;.;0;;.;57
2022-05-05 06:11:00;11;45;734879;4,0;L;51;B;Sentido RJ;Proximo;.;0;;.;58
2022-05-05 06:11:00;11;46;734879;3,0;R;51;B;Sentido RJ;Distante;.;0;;.;57
2022-05-05 06:11:00;11;46;734879;3,0;L;51;B;Sentido RJ;Proximo;.;0;;.;58
2022-05-05 06:11:00;11;47;734879;2,0;R;51;B;Sentido RJ;Distante;.;0;;.;55
2022-05-05 06:11:00;11;47;734879;2,0;L;51;B;Sentido RJ;Proximo;.;0;;.;58
2022-05-05 06:11:00;11;48;734879;1,0;R;51;B;Sentido RJ;Distante;.;0;;.;55
2022-05-05 06:11:00;11;48;734879;1,0;L;51;B;Sentido RJ;Proximo;.;0;;.;59
2022-05-05 06:11:00;49;197;612934;4,0;R;51;B;Sentido RJ;Distante;.;0;;.;59
2022-05-05 06:11:00;49;197;612934;4,0;L;51;B;Sentido RJ;Proximo;RS3;0;False;.;60
2022-05-05 06:11:00;49;198;612934;3,0;R;51;B;Sentido RJ;Distante;.;0;;.;57
2022-05-05 06:11:00;49;198;612934;3,0;L;51;B;Sentido RJ;Proximo;.;0;;.;60
2022-05-05 06:11:00;49;199;612934;2,0;R;51;B;Sentido RJ;Distante;RS3;0;False;.;64
2022-05-05 06:11:00;49;199;612934;2,0;L;51;B;Sentido RJ;Proximo;RS3;0;False;.;66
2022-05-05 06:11:00;49;200;612934;1,0;R;51;B;Sentido RJ;Distante;RS3;0;False;.;64
2022-05-05 06:11:00;49;200;612934;1,0;L;51;B;Sentido RJ;Proximo;RS2;0;False;.;67
2022-07-05 22:32:00;11;45;734879;4,0;R;52;B;Sentido RJ;Distante;.;0;;.;53
2022-07-05 22:32:00;11;45;734879;4,0;L;52;B;Sentido RJ;Proximo;.;0;;.;57
2022-07-05 22:32:00;11;46;734879;3,0;R;52;B;Sentido RJ;Distante;.;0;;.;54
2022-07-05 22:32:00;11;46;734879;3,0;L;52;B;Sentido RJ;Proximo;.;0;;.;55
2022-07-05 22:32:00;11;47;734879;2,0;R;51;B;Sentido RJ;Distante;.;0;;.;51
2022-07-05 22:32:00;11;47;734879;2,0;L;51;B;Sentido RJ;Proximo;.;0;;.;54
2022-07-05 22:32:00;11;48;734879;1,0;R;51;B;Sentido RJ;Distante;.;0;;.;52
2022-07-05 22:32:00;11;48;734879;1,0;L;51;B;Sentido RJ;Proximo;.;0;;.;56
2022-07-05 22:32:00;49;197;612934;4,0;R;51;B;Sentido RJ;Distante;.;0;;.;55
2022-07-05 22:32:00;49;197;612934;4,0;L;51;B;Sentido RJ;Proximo;.;0;;.;56
2022-07-05 22:32:00;49;198;612934;3,0;R;51;B;Sentido RJ;Distante;.;0;;.;54
2022-07-05 22:32:00;49;198;612934;3,0;L;51;B;Sentido RJ;Proximo;.;0;;.;56
2022-07-05 22:32:00;49;199;612934;2,0;R;51;B;Sentido RJ;Distante;.;0;;.;56
2022-07-05 22:32:00;49;199;612934;2,0;L;51;B;Sentido RJ;Proximo;RS3;0;False;.;59
2022-07-05 22:32:00;49;200;612934;1,0;R;51;B;Sentido RJ;Distante;.;0;;.;55
2022-07-05 22:32:00;49;200;612934;1,0;L;51;B;Sentido RJ;Proximo;.;0;;.;58
2022-11-05 03:13:00;11;45;734879;4,0;R;53;B;Sentido RJ;Distante;.;0;;.;55
2022-11-05 03:13:00;11;45;734879;4,0;L;53;B;Sentido RJ;Proximo;RS3;0;False;.;60
2022-11-05 03:13:00;11;46;734879;3,0;R;53;B;Sentido RJ;Distante;.;0;;.;52
2022-11-05 03:13:00;11;46;734879;3,0;L;53;B;Sentido RJ;Proximo;.;0;;.;57
2022-11-05 03:13:00;11;47;734879;2,0;R;53;B;Sentido RJ;Distante;.;0;;.;51
2022-11-05 03:13:00;11;47;734879;2,0;L;53;B;Sentido RJ;Proximo;.;0;;.;55
2022-11-05 03:13:00;11;48;734879;1,0;R;53;B;Sentido RJ;Distante;.;0;;.;52
2022-11-05 03:13:00;11;48;734879;1,0;L;53;B;Sentido RJ;Proximo;.;0;;.;58
2022-11-05 03:13:00;49;197;612934;4,0;R;52;B;Sentido RJ;Distante;FBS(RS3);0;False;.;53
2022-11-05 03:13:00;49;197;612934;4,0;L;52;B;Sentido RJ;Proximo;.;0;;.;56
2022-11-05 03:13:00;49;198;612934;3,0;R;52;B;Sentido RJ;Distante;FBS(RS3);0;False;.;61
2022-11-05 03:13:00;49;198;612934;3,0;L;52;B;Sentido RJ;Proximo;RS2;0;False;.;59
2022-11-05 03:13:00;49;199;612934;2,0;R;52;B;Sentido RJ;Distante;.;0;;.;56
2022-11-05 03:13:00;49;199;612934;2,0;L;52;B;Sentido RJ;Proximo;RS3;0;False;.;59
2022-11-05 03:13:00;49;200;612934;1,0;R;52;B;Sentido RJ;Distante;.;0;;.;55
2022-11-05 03:13:00;49;200;612934;1,0;L;52;B;Sentido RJ;Proximo;.;0;;.;58
2022-05-14 23:57:00;11;45;734879;4,0;R;52;B;Sentido RJ;Distante;.;0;;.;55
2022-05-14 23:57:00;11;45;734879;4,0;L;52;B;Sentido RJ;Proximo;RS3;0;False;.;59
2022-05-14 23:57:00;11;46;734879;3,0;R;52;B;Sentido RJ;Distante;RS3;0;False;.;62
2022-05-14 23:57:00;11;46;734879;3,0;L;52;B;Sentido RJ;Proximo;.;0;;.;61
2022-05-14 23:57:00;11;47;734879;2,0;R;52;B;Sentido RJ;Distante;.;0;;.;55
2022-05-14 23:57:00;11;47;734879;2,0;L;52;B;Sentido RJ;Proximo;.;0;;.;59
2022-05-14 23:57:00;11;48;734879;1,0;R;52;B;Sentido RJ;Distante;.;0;;.;55
2022-05-14 23:57:00;11;48;734879;1,0;L;52;B;Sentido RJ;Proximo;RS3;0;False;.;61
2022-05-14 23:57:00;49;197;612934;4,0;R;51;B;Sentido RJ;Distante;RS3;0;False;.;55
2022-05-14 23:57:00;49;197;612934;4,0;L;51;B;Sentido RJ;Proximo;.;0;;.;57
2022-05-14 23:57:00;49;198;612934;3,0;R;51;B;Sentido RJ;Distante;.;0;;.;54
2022-05-14 23:57:00;49;198;612934;3,0;L;51;B;Sentido RJ;Proximo;.;0;;.;56
2022-05-14 23:57:00;49;199;612934;2,0;R;51;B;Sentido RJ;Distante;.;0;;.;56
2022-05-14 23:57:00;49;199;612934;2,0;L;51;B;Sentido RJ;Proximo;.;0;;.;58
2022-05-14 23:57:00;49;200;612934;1,0;R;51;B;Sentido RJ;Distante;.;0;;.;54
2022-05-14 23:57:00;49;200;612934;1,0;L;51;B;Sentido RJ;Proximo;.;0;;.;56
2022-05-16 23:02:00;92;369;612934;1,0;L;52;A;Sentido RJ;Distante;.;0;;.;54
2022-05-16 23:02:00;92;369;612934;1,0;R;52;A;Sentido RJ;Proximo;.;0;;.;56
2022-05-16 23:02:00;92;370;612934;2,0;L;52;A;Sentido RJ;Distante;.;0;;.;55
2022-05-16 23:02:00;92;370;612934;2,0;R;52;A;Sentido RJ;Proximo;.;0;;.;57
2022-05-16 23:02:00;92;371;612934;3,0;L;52;A;Sentido RJ;Distante;.;0;;.;56
2022-05-16 23:02:00;92;371;612934;3,0;R;52;A;Sentido RJ;Proximo;.;0;;.;58
2022-05-16 23:02:00;92;372;612934;4,0;L;52;A;Sentido RJ;Distante;RS3;0;False;.;58
2022-05-16 23:02:00;92;372;612934;4,0;R;52;A;Sentido RJ;Proximo;.;0;;.;61
2022-05-16 23:02:00;130;521;734879;1,0;L;49;A;Sentido RJ;Distante;.;0;;.;54
2022-05-16 23:02:00;130;521;734879;1,0;R;49;A;Sentido RJ;Proximo;.;0;;.;55
2022-05-16 23:02:00;130;522;734879;2,0;L;49;A;Sentido RJ;Distante;.;0;;.;51
2022-05-16 23:02:00;130;522;734879;2,0;R;49;A;Sentido RJ;Proximo;.;0;;.;54
2022-05-16 23:02:00;130;523;734879;3,0;L;49;A;Sentido RJ;Distante;.;0;;.;56
2022-05-16 23:02:00;130;523;734879;3,0;R;49;A;Sentido RJ;Proximo;.;0;;.;55
2022-05-16 23:02:00;130;524;734879;4,0;L;49;A;Sentido RJ;Distante;RS3;0;False;.;54
2022-05-16 23:02:00;130;524;734879;4,0;R;49;A;Sentido RJ;Proximo;FBS(RS3);0;False;.;56
2022-05-19 18:00:00;11;45;734879;4,0;R;53;B;Sentido RJ;Distante;.;0;;.;55
2022-05-19 18:00:00;11;45;734879;4,0;L;53;B;Sentido RJ;Proximo;.;0;;.;57
2022-05-19 18:00:00;11;46;734879;3,0;R;53;B;Sentido RJ;Distante;.;0;;.;53
2022-05-19 18:00:00;11;46;734879;3,0;L;53;B;Sentido RJ;Proximo;.;0;;.;56
2022-05-19 18:00:00;11;47;734879;2,0;R;52;B;Sentido RJ;Distante;.;0;;.;53
2022-05-19 18:00:00;11;47;734879;2,0;L;52;B;Sentido RJ;Proximo;.;0;;.;54
2022-05-19 18:00:00;11;48;734879;1,0;R;53;B;Sentido RJ;Distante;RS3;0;False;.;55
2022-05-19 18:00:00;11;48;734879;1,0;L;53;B;Sentido RJ;Proximo;RS3;0;False;.;58
2022-05-19 18:00:00;49;197;612934;4,0;R;52;B;Sentido RJ;Distante;.;0;;.;54
2022-05-19 18:00:00;49;197;612934;4,0;L;52;B;Sentido RJ;Proximo;.;0;;.;54
2022-05-19 18:00:00;49;198;612934;3,0;R;52;B;Sentido RJ;Distante;.;0;;.;52
2022-05-19 18:00:00;49;198;612934;3,0;L;52;B;Sentido RJ;Proximo;RS3;0;False;.;54
2022-05-19 18:00:00;49;199;612934;2,0;R;52;B;Sentido RJ;Distante;.;0;;.;54
2022-05-19 18:00:00;49;199;612934;2,0;L;52;B;Sentido RJ;Proximo;.;0;;.;57
2022-05-19 18:00:00;49;200;612934;1,0;R;52;B;Sentido RJ;Distante;.;0;;.;54
2022-05-19 18:00:00;49;200;612934;1,0;L;52;B;Sentido RJ;Proximo;.;0;;.;55
2022-05-23 02:06:00;11;45;734879;4,0;R;52;B;Sentido RJ;Distante;.;0;;.;51
2022-05-23 02:06:00;11;45;734879;4,0;L;52;B;Sentido RJ;Proximo;.;0;;.;53
2022-05-23 02:06:00;11;46;734879;3,0;R;52;B;Sentido RJ;Distante;.;0;;.;50
2022-05-23 02:06:00;11;46;734879;3,0;L;52;B;Sentido RJ;Proximo;.;0;;.;53
2022-05-23 02:06:00;11;47;734879;2,0;R;52;B;Sentido RJ;Distante;.;0;;.;51
2022-05-23 02:06:00;11;47;734879;2,0;L;52;B;Sentido RJ;Proximo;.;0;;.;55
2022-05-23 02:06:00;11;48;734879;1,0;R;52;B;Sentido RJ;Distante;RS3;0;False;.;52
2022-05-23 02:06:00;11;48;734879;1,0;L;52;B;Sentido RJ;Proximo;.;0;;.;58
2022-05-23 02:06:00;49;197;612934;4,0;R;52;B;Sentido RJ;Distante;.;0;;.;51
2022-05-23 02:06:00;49;197;612934;4,0;L;52;B;Sentido RJ;Proximo;.;0;;.;54
2022-05-23 02:06:00;49;198;612934;3,0;R;52;B;Sentido RJ;Distante;.;0;;.;51
2022-05-23 02:06:00;49;198;612934;3,0;L;52;B;Sentido RJ;Proximo;.;0;;.;54
2022-05-23 02:06:00;49;199;612934;2,0;R;52;B;Sentido RJ;Distante;.;0;;.;52
2022-05-23 02:06:00;49;199;612934;2,0;L;52;B;Sentido RJ;Proximo;RS3;0;False;.;56
2022-05-23 02:06:00;49;200;612934;1,0;R;52;B;Sentido RJ;Distante;.;0;;.;50
2022-05-23 02:06:00;49;200;612934;1,0;L;52;B;Sentido RJ;Proximo;.;0;;.;52
2022-05-28 15:09:00;11;45;734879;4,0;R;52;B;Sentido RJ;Distante;.;0;;.;52
2022-05-28 15:09:00;11;45;734879;4,0;L;52;B;Sentido RJ;Proximo;.;0;;.;54
2022-05-28 15:09:00;11;46;734879;3,0;R;52;B;Sentido RJ;Distante;.;0;;;50
2022-05-28 15:09:00;11;46;734879;3,0;L;52;B;Sentido RJ;Proximo;.;0;;.;54
2022-05-28 15:09:00;11;47;734879;2,0;R;52;B;Sentido RJ;Distante;.;0;;;50
2022-05-28 15:09:00;11;47;734879;2,0;L;52;B;Sentido RJ;Proximo;.;0;;.;52
2022-05-28 15:09:00;11;48;734879;1,0;R;52;B;Sentido RJ;Distante;.;0;;.;51
2022-05-28 15:09:00;11;48;734879;1,0;L;52;B;Sentido RJ;Proximo;RS3;0;False;.;57
2022-05-28 15:09:00;49;197;612934;4,0;R;51;B;Sentido RJ;Distante;.;0;;.;54
2022-05-28 15:09:00;49;197;612934;4,0;L;51;B;Sentido RJ;Proximo;.;0;;.;56
2022-05-28 15:09:00;49;198;612934;3,0;R;51;B;Sentido RJ;Distante;.;0;;.;54
2022-05-28 15:09:00;49;198;612934;3,0;L;51;B;Sentido RJ;Proximo;.;0;;.;55
2022-05-28 15:09:00;49;199;612934;2,0;R;51;B;Sentido RJ;Distante;.;0;;.;55
2022-05-28 15:09:00;49;199;612934;2,0;L;51;B;Sentido RJ;Proximo;RS3;0;False;.;59
2022-05-28 15:09:00;49;200;612934;1,0;R;51;B;Sentido RJ;Distante;.;0;;.;57
2022-05-28 15:09:00;49;200;612934;1,0;L;51;B;Sentido RJ;Proximo;RS3;0;False;.;59
2022-01-06 01:40:00;11;45;734879;4,0;R;54;B;Sentido RJ;Distante;.;0;;.;55
2022-01-06 01:40:00;11;45;734879;4,0;L;54;B;Sentido RJ;Proximo;.;0;;.;58
2022-01-06 01:40:00;11;46;734879;3,0;R;54;B;Sentido RJ;Distante;.;0;;.;56
2022-01-06 01:40:00;11;46;734879;3,0;L;54;B;Sentido RJ;Proximo;.;0;;.;57
2022-01-06 01:40:00;11;47;734879;2,0;R;54;B;Sentido RJ;Distante;.;0;;.;56
2022-01-06 01:40:00;11;47;734879;2,0;L;54;B;Sentido RJ;Proximo;.;0;;.;61
2022-01-06 01:40:00;11;48;734879;1,0;R;54;B;Sentido RJ;Distante;RS3;0;False;.;56
2022-01-06 01:40:00;11;48;734879;1,0;L;54;B;Sentido RJ;Proximo;.;0;;.;60
2022-01-06 01:40:00;49;197;612934;4,0;R;53;B;Sentido RJ;Distante;.;0;;.;54
2022-01-06 01:40:00;49;197;612934;4,0;L;53;B;Sentido RJ;Proximo;.;0;;.;55
2022-01-06 01:40:00;49;198;612934;3,0;R;53;B;Sentido RJ;Distante;.;0;;.;55
2022-01-06 01:40:00;49;198;612934;3,0;L;53;B;Sentido RJ;Proximo;.;0;;.;56
2022-01-06 01:40:00;49;199;612934;2,0;R;53;B;Sentido RJ;Distante;.;0;;.;54
2022-01-06 01:40:00;49;199;612934;2,0;L;53;B;Sentido RJ;Proximo;RS2;0;False;.;58
2022-01-06 01:40:00;49;200;612934;1,0;R;53;B;Sentido RJ;Distante;.;0;;.;53
2022-01-06 01:40:00;49;200;612934;1,0;L;53;B;Sentido RJ;Proximo;RS3;0;False;.;55
2022-04-06 04:03:00;11;45;734879;4,0;R;53;B;Sentido RJ;Distante;RS3;0;False;.;60
2022-04-06 04:03:00;11;45;734879;4,0;L;53;B;Sentido RJ;Proximo;RS3;0;False;.;61
2022-04-06 04:03:00;11;46;734879;3,0;R;53;B;Sentido RJ;Distante;RS3;0;False;.;61
2022-04-06 04:03:00;11;46;734879;3,0;L;53;B;Sentido RJ;Proximo;RS3;0;False;.;61
2022-04-06 04:03:00;11;47;734879;2,0;R;53;B;Sentido RJ;Distante;.;0;;.;55
2022-04-06 04:03:00;11;47;734879;2,0;L;53;B;Sentido RJ;Proximo;.;0;;.;57
2022-04-06 04:03:00;11;48;734879;1,0;R;53;B;Sentido RJ;Distante;.;0;;.;53
2022-04-06 04:03:00;11;48;734879;1,0;L;53;B;Sentido RJ;Proximo;.;0;;.;59
2022-04-06 04:03:00;49;197;612934;4,0;R;53;B;Sentido RJ;Distante;RS3;0;False;.;56
2022-04-06 04:03:00;49;197;612934;4,0;L;53;B;Sentido RJ;Proximo;.;0;;.;57
2022-04-06 04:03:00;49;198;612934;3,0;R;53;B;Sentido RJ;Distante;RS3;0;False;.;55
2022-04-06 04:03:00;49;198;612934;3,0;L;53;B;Sentido RJ;Proximo;.;0;;.;57
2022-04-06 04:03:00;49;199;612934;2,0;R;53;B;Sentido RJ;Distante;RS3;0;False;.;59
2022-04-06 04:03:00;49;199;612934;2,0;L;53;B;Sentido RJ;Proximo;RS3;0;False;.;61
2022-04-06 04:03:00;49;200;612934;1,0;R;53;B;Sentido RJ;Distante;RS3;0;False;.;59
2022-04-06 04:03:00;49;200;612934;1,0;L;53;B;Sentido RJ;Proximo;RS3;0;False;.;62
2022-06-18 23:51:00;24;97;612934;1,0;L;50;A;Sentido RJ;Distante;RS3;0;False;.;56
2022-06-18 23:51:00;24;97;612934;1,0;R;50;A;Sentido RJ;Proximo;.;0;;.;58
2022-06-18 23:51:00;24;98;612934;2,0;L;50;A;Sentido RJ;Distante;.;0;;.;56
2022-06-18 23:51:00;24;98;612934;2,0;R;50;A;Sentido RJ;Proximo;RS3;0;False;.;59
2022-06-18 23:51:00;24;99;612934;3,0;L;49;A;Sentido RJ;Distante;.;0;;.;54
2022-06-18 23:51:00;24;99;612934;3,0;R;49;A;Sentido RJ;Proximo;.;0;;.;57
2022-06-18 23:51:00;24;100;612934;4,0;L;49;A;Sentido RJ;Distante;.;0;;.;54
2022-06-18 23:51:00;24;100;612934;4,0;R;49;A;Sentido RJ;Proximo;RS2;0;False;.;58
2022-06-18 23:51:00;62;249;734879;1,0;L;49;A;Sentido RJ;Distante;.;0;;.;53
2022-06-18 23:51:00;62;249;734879;1,0;R;49;A;Sentido RJ;Proximo;.;0;;.;53
2022-06-18 23:51:00;62;250;734879;2,0;L;49;A;Sentido RJ;Distante;.;0;;.;49
2022-06-18 23:51:00;62;250;734879;2,0;R;49;A;Sentido RJ;Proximo;FBS(4);0;;.;53
2022-06-18 23:51:00;62;251;734879;3,0;L;49;A;Sentido RJ;Distante;.;0;;.;52
2022-06-18 23:51:00;62;251;734879;3,0;R;49;A;Sentido RJ;Proximo;.;0;;.;55
2022-06-18 23:51:00;62;252;734879;4,0;L;49;A;Sentido RJ;Distante;.;0;;.;50
2022-06-18 23:51:00;62;252;734879;4,0;R;49;A;Sentido RJ;Proximo;.;0;;.;53
2022-06-21 09:00:00;49;197;612934;4,0;R;52;B;Sentido RJ;Distante;.;0;;.;54
2022-06-21 09:00:00;49;197;612934;4,0;L;52;B;Sentido RJ;Proximo;.;0;;.;58
2022-06-21 09:00:00;49;198;612934;3,0;R;52;B;Sentido RJ;Distante;.;0;;.;55
2022-06-21 09:00:00;49;198;612934;3,0;L;52;B;Sentido RJ;Proximo;.;0;;.;60
2022-06-21 09:00:00;49;199;612934;2,0;R;52;B;Sentido RJ;Distante;.;0;;.;55
2022-06-21 09:00:00;49;199;612934;2,0;L;52;B;Sentido RJ;Proximo;.;0;;.;60
2022-06-21 09:00:00;49;200;612934;1,0;R;52;B;Sentido RJ;Distante;.;0;;.;55
2022-06-21 09:00:00;49;200;612934;1,0;L;52;B;Sentido RJ;Proximo;.;0;;.;56
2022-06-21 09:00:00;133;533;734879;4,0;R;47;B;Sentido RJ;Distante;.;0;;.;57
2022-06-21 09:00:00;133;533;734879;4,0;L;47;B;Sentido RJ;Proximo;FBS(4);0;;.;58
2022-06-21 09:00:00;133;534;734879;3,0;R;47;B;Sentido RJ;Distante;.;0;;.;59
2022-06-21 09:00:00;133;534;734879;3,0;L;47;B;Sentido RJ;Proximo;RS3;0;False;.;61
2022-06-21 09:00:00;133;535;734879;2,0;R;48;B;Sentido RJ;Distante;.;0;;.;54
2022-06-21 09:00:00;133;535;734879;2,0;L;48;B;Sentido RJ;Proximo;.;0;;.;57
2022-06-21 09:00:00;133;536;734879;1,0;R;48;B;Sentido RJ;Distante;.;0;;.;53
2022-06-21 09:00:00;133;536;734879;1,0;L;48;B;Sentido RJ;Proximo;RS2;0;False;.;58
2022-06-24 16:14:00;50;203;612934;4,0;R;52;B;Sentido RJ;Distante;.;0;;.;53
2022-06-24 16:14:00;50;203;612934;4,0;L;52;B;Sentido RJ;Proximo;.;0;;.;54
2022-06-24 16:14:00;50;204;612934;3,0;R;52;B;Sentido RJ;Distante;.;0;;.;52
2022-06-24 16:14:00;50;204;612934;3,0;L;52;B;Sentido RJ;Proximo;.;0;;.;54
2022-06-24 16:14:00;50;205;612934;2,0;R;52;B;Sentido RJ;Distante;.;0;;.;56
2022-06-24 16:14:00;50;205;612934;2,0;L;52;B;Sentido RJ;Proximo;RS3;0;False;.;59
2022-06-24 16:14:00;50;206;612934;1,0;R;52;B;Sentido RJ;Distante;.;0;;.;56
2022-06-24 16:14:00;50;206;612934;1,0;L;52;B;Sentido RJ;Proximo;.;0;;.;58
2022-06-24 16:14:00;134;539;734879;4,0;R;47;B;Sentido RJ;Distante;.;0;;;58
2022-06-24 16:14:00;134;539;734879;4,0;L;47;B;Sentido RJ;Proximo;.;0;;.;57
2022-06-24 16:14:00;134;540;734879;3,0;R;47;B;Sentido RJ;Distante;RS3;0;False;;59
2022-06-24 16:14:00;134;540;734879;3,0;L;47;B;Sentido RJ;Proximo;.;0;;.;59
2022-06-24 16:14:00;134;541;734879;2,0;R;47;B;Sentido RJ;Distante;.;0;;.;55
2022-06-24 16:14:00;134;541;734879;2,0;L;47;B;Sentido RJ;Proximo;.;0;;.;55
2022-06-24 16:14:00;134;542;734879;1,0;R;47;B;Sentido RJ;Distante;RS3;0;False;.;55
2022-06-24 16:14:00;134;542;734879;1,0;L;47;B;Sentido RJ;Proximo;.;0;;.;58
2022-06-27 20:21:00;65;261;612934;4,0;R;52;B;Sentido RJ;Distante;RS3;0;False;.;53
2022-06-27 20:21:00;65;261;612934;4,0;L;52;B;Sentido RJ;Proximo;RS3;0;False;.;56
2022-06-27 20:21:00;65;262;612934;3,0;R;52;B;Sentido RJ;Distante;.;0;;.;54
2022-06-27 20:21:00;65;262;612934;3,0;L;52;B;Sentido RJ;Proximo;.;0;;.;57
2022-06-27 20:21:00;65;263;612934;2,0;R;52;B;Sentido RJ;Distante;.;0;;.;57
2022-06-27 20:21:00;65;263;612934;2,0;L;52;B;Sentido RJ;Proximo;.;0;;.;60
2022-06-27 20:21:00;65;264;612934;1,0;R;51;B;Sentido RJ;Distante;FBS(4);0;;.;58
2022-06-27 20:21:00;65;264;612934;1,0;L;51;B;Sentido RJ;Proximo;FBS(4);0;;.;61
2022-06-27 20:21:00;133;533;734879;4,0;R;47;B;Sentido RJ;Distante;FBS(RS2);0;False;.;62
2022-06-27 20:21:00;133;533;734879;4,0;L;47;B;Sentido RJ;Proximo;RS1;0;False;.;63
2022-06-27 20:21:00;133;534;734879;3,0;R;47;B;Sentido RJ;Distante;.;0;;.;58
2022-06-27 20:21:00;133;534;734879;3,0;L;47;B;Sentido RJ;Proximo;RS3;0;False;.;58
2022-06-27 20:21:00;133;535;734879;2,0;R;47;B;Sentido RJ;Distante;.;0;;.;54
2022-06-27 20:21:00;133;535;734879;2,0;L;47;B;Sentido RJ;Proximo;.;0;;.;59
2022-06-27 20:21:00;133;536;734879;1,0;R;47;B;Sentido RJ;Distante;FBS(RS3);0;False;.;59
2022-06-27 20:21:00;133;536;734879;1,0;L;47;B;Sentido RJ;Proximo;RS2;0;False;.;63
2022-02-07 03:50:00;65;261;612934;4,0;R;50;B;Sentido RJ;Distante;RS3;0;False;.;59
2022-02-07 03:50:00;65;261;612934;4,0;L;50;B;Sentido RJ;Proximo;.;0;;.;60
2022-02-07 03:50:00;65;262;612934;3,0;R;50;B;Sentido RJ;Distante;.;0;;.;57
2022-02-07 03:50:00;65;262;612934;3,0;L;50;B;Sentido RJ;Proximo;.;0;;.;60
2022-02-07 03:50:00;65;263;612934;2,0;R;50;B;Sentido RJ;Distante;RS3;0;False;.;62
2022-02-07 03:50:00;65;263;612934;2,0;L;50;B;Sentido RJ;Proximo;RS3;0;False;.;65
2022-02-07 03:50:00;65;264;612934;1,0;R;50;B;Sentido RJ;Distante;RS3;0;False;.;64
2022-02-07 03:50:00;65;264;612934;1,0;L;50;B;Sentido RJ;Proximo;FBS(RS2);0;False;.;66
2022-02-07 03:50:00;133;533;734879;4,0;R;45;B;Sentido RJ;Distante;.;0;;.;61
2022-02-07 03:50:00;133;533;734879;4,0;L;45;B;Sentido RJ;Proximo;FBS(4);0;;.;61
2022-02-07 03:50:00;133;534;734879;3,0;R;45;B;Sentido RJ;Distante;RS3;0;False;.;59
2022-02-07 03:50:00;133;534;734879;3,0;L;45;B;Sentido RJ;Proximo;RS3;0;False;.;58
2022-02-07 03:50:00;133;535;734879;2,0;R;45;B;Sentido RJ;Distante;.;0;;.;56
2022-02-07 03:50:00;133;535;734879;2,0;L;45;B;Sentido RJ;Proximo;.;0;;.;59
2022-02-07 03:50:00;133;536;734879;1,0;R;45;B;Sentido RJ;Distante;.;0;;.;56
2022-02-07 03:50:00;133;536;734879;1,0;L;45;B;Sentido RJ;Proximo;.;0;;.;60
2022-04-07 23:46:00;8;33;734879;1,0;L;53;A;Sentido RJ;Distante;RS3;0;False;.;56
2022-04-07 23:46:00;8;33;734879;1,0;R;53;A;Sentido RJ;Proximo;RS3;0;False;.;56
2022-04-07 23:46:00;8;34;734879;2,0;L;53;A;Sentido RJ;Distante;.;0;;.;53
2022-04-07 23:46:00;8;34;734879;2,0;R;53;A;Sentido RJ;Proximo;.;0;;.;56
2022-04-07 23:46:00;8;35;734879;3,0;L;53;A;Sentido RJ;Distante;.;0;;.;53
2022-04-07 23:46:00;8;35;734879;3,0;R;53;A;Sentido RJ;Proximo;.;0;;.;55
2022-04-07 23:46:00;8;36;734879;4,0;L;53;A;Sentido RJ;Distante;.;0;;.;52
2022-04-07 23:46:00;8;36;734879;4,0;R;53;A;Sentido RJ;Proximo;RS3;0;False;.;55
2022-04-07 23:46:00;76;305;612934;1,0;L;51;A;Sentido RJ;Distante;.;0;;.;54
2022-04-07 23:46:00;76;305;612934;1,0;R;51;A;Sentido RJ;Proximo;.;0;;.;57
2022-04-07 23:46:00;76;306;612934;2,0;L;51;A;Sentido RJ;Distante;.;0;;.;55
2022-04-07 23:46:00;76;306;612934;2,0;R;51;A;Sentido RJ;Proximo;.;0;;.;58
2022-04-07 23:46:00;76;307;612934;3,0;L;51;A;Sentido RJ;Distante;RS3;0;False;.;58
2022-04-07 23:46:00;76;307;612934;3,0;R;51;A;Sentido RJ;Proximo;RS3;0;False;.;60
2022-04-07 23:46:00;76;308;612934;4,0;L;51;A;Sentido RJ;Distante;.;0;;.;56
2022-04-07 23:46:00;76;308;612934;4,0;R;51;A;Sentido RJ;Proximo;.;0;;.;60
2022-06-07 21:37:00;8;33;734879;1,0;L;51;A;Sentido RJ;Distante;.;0;;.;55
2022-06-07 21:37:00;8;33;734879;1,0;R;51;A;Sentido RJ;Proximo;.;0;;.;56
2022-06-07 21:37:00;8;34;734879;2,0;L;51;A;Sentido RJ;Distante;.;0;;.;53
2022-06-07 21:37:00;8;34;734879;2,0;R;51;A;Sentido RJ;Proximo;.;0;;.;55
2022-06-07 21:37:00;8;35;734879;3,0;L;51;A;Sentido RJ;Distante;.;0;;.;55
2022-06-07 21:37:00;8;35;734879;3,0;R;51;A;Sentido RJ;Proximo;.;0;;.;57
2022-06-07 21:37:00;8;36;734879;4,0;L;51;A;Sentido RJ;Distante;.;0;;.;55
2022-06-07 21:37:00;8;36;734879;4,0;R;51;A;Sentido RJ;Proximo;.;0;;.;56
2022-06-07 21:37:00;76;305;612934;1,0;L;48;A;Sentido RJ;Distante;FBS(RS3);0;False;.;59
2022-06-07 21:37:00;76;305;612934;1,0;R;48;A;Sentido RJ;Proximo;FBS(RS2);0;False;.;61
2022-06-07 21:37:00;76;306;612934;2,0;L;49;A;Sentido RJ;Distante;.;0;;.;58
2022-06-07 21:37:00;76;306;612934;2,0;R;49;A;Sentido RJ;Proximo;.;0;;.;59
2022-06-07 21:37:00;76;307;612934;3,0;L;48;A;Sentido RJ;Distante;RS3;0;False;.;56
2022-06-07 21:37:00;76;307;612934;3,0;R;48;A;Sentido RJ;Proximo;.;0;;.;58
2022-06-07 21:37:00;76;308;612934;4,0;L;48;A;Sentido RJ;Distante;.;0;;.;57
2022-06-07 21:37:00;76;308;612934;4,0;R;48;A;Sentido RJ;Proximo;RS3;0;False;.;59
2022-09-07 13:26:00;65;261;734879;4,0;R;53;B;Sentido RJ;Distante;.;0;;.;54
2022-09-07 13:26:00;65;261;734879;4,0;L;53;B;Sentido RJ;Proximo;.;0;;.;55
2022-09-07 13:26:00;65;262;734879;3,0;R;53;B;Sentido RJ;Distante;.;0;;.;56
2022-09-07 13:26:00;65;262;734879;3,0;L;53;B;Sentido RJ;Proximo;.;0;;.;56
2022-09-07 13:26:00;65;263;734879;2,0;R;53;B;Sentido RJ;Distante;.;0;;.;54
2022-09-07 13:26:00;65;263;734879;2,0;L;53;B;Sentido RJ;Proximo;.;0;;.;54
2022-09-07 13:26:00;65;264;734879;1,0;R;53;B;Sentido RJ;Distante;.;0;;.;54
2022-09-07 13:26:00;65;264;734879;1,0;L;53;B;Sentido RJ;Proximo;RS3;0;False;.;56
2022-09-07 13:26:00;119;477;612934;4,0;R;49;B;Sentido RJ;Distante;.;0;;.;53
2022-09-07 13:26:00;119;477;612934;4,0;L;49;B;Sentido RJ;Proximo;.;0;;.;57
2022-09-07 13:26:00;119;478;612934;3,0;R;49;B;Sentido RJ;Distante;.;0;;.;53
2022-09-07 13:26:00;119;478;612934;3,0;L;49;B;Sentido RJ;Proximo;.;0;;.;57
2022-09-07 13:26:00;119;479;612934;2,0;R;49;B;Sentido RJ;Distante;.;0;;;54
2022-09-07 13:26:00;119;479;612934;2,0;L;49;B;Sentido RJ;Proximo;RS3;0;False;.;57
2022-09-07 13:26:00;119;480;612934;1,0;R;49;B;Sentido RJ;Distante;.;0;;.;55
2022-09-07 13:26:00;119;480;612934;1,0;L;49;B;Sentido RJ;Proximo;.;0;;.;54
2022-11-07 16:29:00;65;261;734879;4,0;R;51;B;Sentido RJ;Distante;.;0;;.;58
2022-11-07 16:29:00;65;261;734879;4,0;L;51;B;Sentido RJ;Proximo;.;0;;.;55
2022-11-07 16:29:00;65;262;734879;3,0;R;51;B;Sentido RJ;Distante;.;0;;.;57
2022-11-07 16:29:00;65;262;734879;3,0;L;51;B;Sentido RJ;Proximo;.;0;;.;56
2022-11-07 16:29:00;65;263;734879;2,0;R;51;B;Sentido RJ;Distante;.;0;;.;54
2022-11-07 16:29:00;65;263;734879;2,0;L;51;B;Sentido RJ;Proximo;.;0;;.;54
2022-11-07 16:29:00;65;264;734879;1,0;R;51;B;Sentido RJ;Distante;.;0;;.;55
2022-11-07 16:29:00;65;264;734879;1,0;L;51;B;Sentido RJ;Proximo;.;0;;.;56
2022-11-07 16:29:00;119;477;612934;4,0;R;47;B;Sentido RJ;Distante;.;0;;;54
2022-11-07 16:29:00;119;477;612934;4,0;L;47;B;Sentido RJ;Proximo;.;0;;.;54
2022-11-07 16:29:00;119;478;612934;3,0;R;47;B;Sentido RJ;Distante;.;0;;.;56
2022-11-07 16:29:00;119;478;612934;3,0;L;47;B;Sentido RJ;Proximo;RS3;0;False;.;55
2022-11-07 16:29:00;119;479;612934;2,0;R;47;B;Sentido RJ;Distante;.;0;;;53
2022-11-07 16:29:00;119;479;612934;2,0;L;47;B;Sentido RJ;Proximo;RS3;0;False;.;57
2022-11-07 16:29:00;119;480;612934;1,0;R;47;B;Sentido RJ;Distante;.;0;;;55
2022-11-07 16:29:00;119;480;612934;1,0;L;47;B;Sentido RJ;Proximo;.;0;;.;54
2022-07-15 13:46:00;65;261;734879;4,0;R;50;B;Sentido RJ;Distante;.;0;;.;57
2022-07-15 13:46:00;65;261;734879;4,0;L;50;B;Sentido RJ;Proximo;.;0;;.;58
2022-07-15 13:46:00;65;262;734879;3,0;R;50;B;Sentido RJ;Distante;RS3;0;False;;58
2022-07-15 13:46:00;65;262;734879;3,0;L;50;B;Sentido RJ;Proximo;RS3;0;False;.;58
2022-07-15 13:46:00;65;263;734879;2,0;R;50;B;Sentido RJ;Distante;.;0;;;54
2022-07-15 13:46:00;65;263;734879;2,0;L;50;B;Sentido RJ;Proximo;.;0;;.;55
2022-07-15 13:46:00;65;264;734879;1,0;R;50;B;Sentido RJ;Distante;.;0;;.;54
2022-07-15 13:46:00;65;264;734879;1,0;L;50;B;Sentido RJ;Proximo;.;0;;.;57
2022-07-15 13:46:00;119;477;612934;4,0;R;44;B;Sentido RJ;Distante;.;0;;;51
2022-07-15 13:46:00;119;477;612934;4,0;L;44;B;Sentido RJ;Proximo;.;0;;.;54
2022-07-15 13:46:00;119;478;612934;3,0;R;44;B;Sentido RJ;Distante;.;0;;;51
2022-07-15 13:46:00;119;478;612934;3,0;L;44;B;Sentido RJ;Proximo;RS3;0;False;.;54
2022-07-15 13:46:00;119;479;612934;2,0;R;44;B;Sentido RJ;Distante;.;0;;;54
2022-07-15 13:46:00;119;479;612934;2,0;L;44;B;Sentido RJ;Proximo;.;0;;.;59
2022-07-15 13:46:00;119;480;612934;1,0;R;44;B;Sentido RJ;Distante;.;0;;;57
2022-07-15 13:46:00;119;480;612934;1,0;L;44;B;Sentido RJ;Proximo;.;0;;.;58
2022-07-17 23:44:00;22;89;612934;1,0;L;52;A;Sentido RJ;Distante;.;0;;.;54
2022-07-17 23:44:00;22;89;612934;1,0;R;52;A;Sentido RJ;Proximo;.;0;;.;57
2022-07-17 23:44:00;22;90;612934;2,0;L;52;A;Sentido RJ;Distante;.;0;;.;55
2022-07-17 23:44:00;22;90;612934;2,0;R;52;A;Sentido RJ;Proximo;RS3;0;False;.;58
2022-07-17 23:44:00;22;91;612934;3,0;L;52;A;Sentido RJ;Distante;.;0;;.;57
2022-07-17 23:44:00;22;91;612934;3,0;R;52;A;Sentido RJ;Proximo;.;0;;.;59
2022-07-17 23:44:00;22;92;612934;4,0;L;52;A;Sentido RJ;Distante;.;0;;.;56
2022-07-17 23:44:00;22;92;612934;4,0;R;52;A;Sentido RJ;Proximo;RS3;0;False;.;60
2022-07-17 23:44:00;76;305;734879;1,0;L;50;A;Sentido RJ;Distante;RS3;0;False;.;55
2022-07-17 23:44:00;76;305;734879;1,0;R;50;A;Sentido RJ;Proximo;.;0;;.;55
2022-07-17 23:44:00;76;306;734879;2,0;L;50;A;Sentido RJ;Distante;.;0;;.;51
2022-07-17 23:44:00;76;306;734879;2,0;R;50;A;Sentido RJ;Proximo;RS3;0;False;.;55
2022-07-17 23:44:00;76;307;734879;3,0;L;51;A;Sentido RJ;Distante;.;0;;.;53
2022-07-17 23:44:00;76;307;734879;3,0;R;51;A;Sentido RJ;Proximo;.;0;;.;55
2022-07-17 23:44:00;76;308;734879;4,0;L;51;A;Sentido RJ;Distante;.;0;;.;52
2022-07-17 23:44:00;76;308;734879;4,0;R;51;A;Sentido RJ;Proximo;.;0;;.;55
2022-07-20 20:16:00;51;205;612934;4,0;R;54;B;Sentido RJ;Distante;.;0;;.;55
2022-07-20 20:16:00;51;205;612934;4,0;L;54;B;Sentido RJ;Proximo;.;0;;.;57
2022-07-20 20:16:00;51;206;612934;3,0;R;54;B;Sentido RJ;Distante;.;0;;.;54
2022-07-20 20:16:00;51;206;612934;3,0;L;54;B;Sentido RJ;Proximo;.;0;;.;58
2022-07-20 20:16:00;51;207;612934;2,0;R;54;B;Sentido RJ;Distante;.;0;;.;58
2022-07-20 20:16:00;51;207;612934;2,0;L;54;B;Sentido RJ;Proximo;.;0;;.;61
2022-07-20 20:16:00;51;208;612934;1,0;R;54;B;Sentido RJ;Distante;.;0;;.;57
2022-07-20 20:16:00;51;208;612934;1,0;L;54;B;Sentido RJ;Proximo;.;0;;.;58
2022-07-20 20:16:00;119;477;734879;4,0;R;50;B;Sentido RJ;Distante;.;0;;.;64
2022-07-20 20:16:00;119;477;734879;4,0;L;50;B;Sentido RJ;Proximo;RS3;0;False;.;63
2022-07-20 20:16:00;119;478;734879;3,0;R;50;B;Sentido RJ;Distante;.;0;;.;60
2022-07-20 20:16:00;119;478;734879;3,0;L;50;B;Sentido RJ;Proximo;RS3;0;False;.;61
2022-07-20 20:16:00;119;479;734879;2,0;R;50;B;Sentido RJ;Distante;.;0;;.;54
2022-07-20 20:16:00;119;479;734879;2,0;L;50;B;Sentido RJ;Proximo;.;0;;.;55
2022-07-20 20:16:00;119;480;734879;1,0;R;50;B;Sentido RJ;Distante;.;0;;.;54
2022-07-20 20:16:00;119;480;734879;1,0;L;50;B;Sentido RJ;Proximo;RS3;0;False;.;58
2022-07-22 23:17:00;22;89;612934;1,0;L;50;A;Sentido RJ;Distante;.;0;;.;54
2022-07-22 23:17:00;22;89;612934;1,0;R;50;A;Sentido RJ;Proximo;.;0;;.;57
2022-07-22 23:17:00;22;90;612934;2,0;L;50;A;Sentido RJ;Distante;.;0;;.;55
2022-07-22 23:17:00;22;90;612934;2,0;R;50;A;Sentido RJ;Proximo;.;0;;.;58
2022-07-22 23:17:00;22;91;612934;3,0;L;50;A;Sentido RJ;Distante;.;0;;.;54
2022-07-22 23:17:00;22;91;612934;3,0;R;50;A;Sentido RJ;Proximo;.;0;;.;57
2022-07-22 23:17:00;22;92;612934;4,0;L;50;A;Sentido RJ;Distante;RS3;0;False;.;54
2022-07-22 23:17:00;22;92;612934;4,0;R;50;A;Sentido RJ;Proximo;RS3;0;False;.;57
2022-07-22 23:17:00;76;305;734879;1,0;L;47;A;Sentido RJ;Distante;RS3;0;False;.;55
2022-07-22 23:17:00;76;305;734879;1,0;R;47;A;Sentido RJ;Proximo;.;0;;.;55
2022-07-22 23:17:00;76;306;734879;2,0;L;46;A;Sentido RJ;Distante;.;0;;.;52
2022-07-22 23:17:00;76;306;734879;2,0;R;46;A;Sentido RJ;Proximo;.;0;;.;54
2022-07-22 23:17:00;76;307;734879;3,0;L;46;A;Sentido RJ;Distante;.;0;;.;54
2022-07-22 23:17:00;76;307;734879;3,0;R;46;A;Sentido RJ;Proximo;.;0;;.;55
2022-07-22 23:17:00;76;308;734879;4,0;L;46;A;Sentido RJ;Distante;.;0;;.;52
2022-07-22 23:17:00;76;308;734879;4,0;R;46;A;Sentido RJ;Proximo;.;0;;.;55
2022-07-24 18:05:00;22;89;612934;1,0;L;54;A;Sentido RJ;Distante;.;0;;.;53
2022-07-24 18:05:00;22;89;612934;1,0;R;54;A;Sentido RJ;Proximo;.;0;;.;55
2022-07-24 18:05:00;22;90;612934;2,0;L;54;A;Sentido RJ;Distante;.;0;;.;54
2022-07-24 18:05:00;22;90;612934;2,0;R;54;A;Sentido RJ;Proximo;.;0;;.;57
2022-07-24 18:05:00;22;91;612934;3,0;L;54;A;Sentido RJ;Distante;.;0;;.;54
2022-07-24 18:05:00;22;91;612934;3,0;R;54;A;Sentido RJ;Proximo;.;0;;.;56
2022-07-24 18:05:00;22;92;612934;4,0;L;54;A;Sentido RJ;Distante;.;0;;.;54
2022-07-24 18:05:00;22;92;612934;4,0;R;54;A;Sentido RJ;Proximo;.;0;;.;57
2022-07-24 18:05:00;76;305;734879;1,0;L;52;A;Sentido RJ;Distante;FBS(RS3);0;False;.;64
2022-07-24 18:05:00;76;305;734879;1,0;R;52;A;Sentido RJ;Proximo;.;0;;.;59
2022-07-24 18:05:00;76;306;734879;2,0;L;52;A;Sentido RJ;Distante;.;0;;.;60
2022-07-24 18:05:00;76;306;734879;2,0;R;52;A;Sentido RJ;Proximo;RS3;0;False;.;57
2022-07-24 18:05:00;76;307;734879;3,0;L;52;A;Sentido RJ;Distante;.;0;;.;56
2022-07-24 18:05:00;76;307;734879;3,0;R;52;A;Sentido RJ;Proximo;.;0;;.;56
2022-07-24 18:05:00;76;308;734879;4,0;L;52;A;Sentido RJ;Distante;.;0;;.;53
2022-07-24 18:05:00;76;308;734879;4,0;R;52;A;Sentido RJ;Proximo;.;0;;.;55
